,user_id,sec_uid,username,nickname,avatar,signature,bio_link,follower_count,following_count,heart_count,video_count,digg_count,verified,private_account,seller_account,region
0,6947417508807083013,MS4wLjABAAAAw5586lZ4u-sbUFwmpDexRS_z858mS4H7a00M87w3UNeK-6wSdNj_GEz2QLO5otiA,s.seva3,s.seva3,https://p16-sign-va.tiktokcdn.com/musically-maliva-obj/1594805258216454~c5_1080x1080.jpeg?x-expires=1684440000&x-signature=1b4R9%2BIdexJL7zHvEpSxuDNV1N4%3D,,,193,2684,0,0,0,False,False,False,MU
1,7141096765600711685,MS4wLjABAAAAxnS0jn1PmxT4fqGlZJn-LgRIXSmog6lp6zbHoZG2-c0nWjex8PGJ4fuob2k___sq,ahmeed_been_,ùêÄùê°ùê¶ùêûùêûùêûùêûùêù,https://p16-sign-va.tiktokcdn.com/tos-maliva-avt-0068/52953b73f791cace70ef61324d50e84d~c5_1080x1080.jpeg?x-expires=1684440000&x-signature=AtifzXAoHfykxt9SoUDsjmgllNc%3D,inst:ahmeed_been_,,63,353,37,0,0,False,False,False,DZ
2,6705041805401064453,MS4wLjABAAAAGc5gCBCzpdHirkEKB_HKf-Avd9qEH8NZw_3Zrz_8hcZEGjd6ZB0KTQoZ_s9EHXBC,user9916192035818,user9916192035818,https://p16-sign-va.tiktokcdn.com/musically-maliva-obj/1594805258216454~c5_1080x1080.jpeg?x-expires=1684440000&x-signature=1b4R9%2BIdexJL7zHvEpSxuDNV1N4%3D,,,0,46,0,0,0,False,False,False,AR
3,7207260499682542597,MS4wLjABAAAAkWIbnz7oGEB-f1oaqFwDxyoAVYkSmnujoJSTXbgCwwaHP9ZExS3j_3Nd4v9ZiSWK,gwo9xz,GUSüñ§,https://p16-sign-va.tiktokcdn.com/tos-maliva-avt-0068/808b0ef769c99b7211e4801ce518b08e~c5_1080x1080.jpeg?x-expires=1684440000&x-signature=CwMSLTYNdkzMO3KNru%2F05CnSXAw%3D,,,1,137,0,0,0,False,False,False,BO
4,7131378995337200646,MS4wLjABAAAAi-fBcl7sr6a1UTSYCVkeV_htgmLpk6Us3e_qHwXlKAJpn61WYn488OHkZocBNCUp,marcos11_mdrzz,marcos11_mdrzz,https://p16-sign-va.tiktokcdn.com/tos-maliva-avt-0068/9e571306a8920cad0704e3a3ac62f5e1~c5_1080x1080.jpeg?x-expires=1684440000&x-signature=7BC%2Fps0DoBCCosM1%2F0cngM87TqQ%3D,,,33,803,171,0,0,False,True,False,ES
5,7021982953908618246,MS4wLjABAAAAQ5K1T7m3f_Ayg_We8zSaQugPuJFZGhkNt7ACCXqIGtkEVVXyT_L17Vr80yJNBQ8c,usernamem985,.,https://p77-sign-va.tiktokcdn.com/tos-useast2a-avt-0068-giso/498069be9eabdfefc25058d16609540e~c5_1080x1080.jpeg?x-expires=1684440000&x-signature=22qqueXhWVbJ7ub8prUETaV7zCE%3D,,,1125,25,14600,3,0,False,False,False,HU
6,7119244113442112517,MS4wLjABAAAAMi2c_tn_1zDJHHSXLnja8q2NpHI9-MSnupm_5pu-rg-vo2tCV9FPrTdg8ROosVA_,fraol4295,Fraol_Daka,https://p16-sign-va.tiktokcdn.com/tos-maliva-avt-0068/8f79306e0fa9113490587bfaf6bb51fa~c5_1080x1080.jpeg?x-expires=1684440000&x-signature=R%2BQTepIu%2BN%2BH%2B3O8RqwbuTK1SmA%3D,,,1312,5509,0,0,0,False,False,False,ET
7,7190875645438100522,MS4wLjABAAAA6pLpjCs13s3EDchQhArAFLNBetrhmHdk9zpGnsM8ZSgOEMY3BSJEGEqxC0rHfAJH,military1233,tony‚Äôsbackup,https://p19-sign.tiktokcdn-us.com/tos-useast5-avt-0068-tx/c1dd48ae5c9670d4e763d4d9637289ba~c5_1080x1080.jpeg?x-expires=1684440000&x-signature=5yRKkvBw9%2BmcSXc4HhwlHmeTd08%3D,Just a boxing fan go follow my main easye_editz or littlepttonyrembert,,19,65,405,11,0,False,False,False,US
8,7102238324576601094,MS4wLjABAAAAv9PA7cwLMB-lH7f0PxPHjOP-aM7Z6Q7tnxCJc-ZOeWwj5TY2_3z8D_AOYFr512-c,m_usmanovvv,m_usmanovvv,https://p16-sign-sg.tiktokcdn.com/aweme/1080x1080/tos-alisg-avt-0068/79a44a2af9b387aab4f0a234b9fbd2df.jpeg?x-expires=1684440000&x-signature=vdy1gdB4FCC79495tQKelDnDoio%3D,,,11,116,115,7,0,False,False,False,UZ
9,6978461774060602373,MS4wLjABAAAAHpHVQnbAk76pTk4hgyiKmRBsoTl5kZD-PIpfzx0sHYTM2hOYd1vaT5PvXgMnxrM8,ziarmaltarakheil33,ZIARMAL  TARAKHEIL,https://p16-sign-va.tiktokcdn.com/tos-maliva-avt-0068/e13f11460e8322587b382ff19bb2df85~c5_1080x1080.jpeg?x-expires=1684440000&x-signature=Tram9U5ho5wo4SJWstyYHW2zcRc%3D,üá¶üá´üá™üá∫üá´üá∑,,3108,204,240,3,3381,False,False,False,FR
10,6873627502381220869,MS4wLjABAAAAnXEyZQpaTmZuZJuOVQei6ih7LgL9HVAwbmVV6PtzASopOg59TvwQuw0JCxX6-vrM,s0ftspok3n,ü¶á,https://p19-sign.tiktokcdn-us.com/tos-useast5-avt-0068-tx/c721a1f1a0ba0cc300e11a5d49b6b303~c5_1080x1080.jpeg?x-expires=1684440000&x-signature=4a42b0bKT7HJBNrcKjIxN3bMImM%3D,,,1555,4103,102,0,0,False,False,False,US
11,7225058895713174571,MS4wLjABAAAAT3WMlSD_f0anPMvDqVQ_Yj1bIyRcKQhDpDh7ednWdui_upbj9t7gvOXXpGpUo0kH,tyboyszlvou,Ty $,https://p19-sign.tiktokcdn-us.com/tos-useast5-avt-0068-tx/ca1d67b8c71df031ddf160664820a3ea~c5_1080x1080.jpeg?x-expires=1684440000&x-signature=IP2IGP2EP8Chjgw9P5OJPIMeme4%3D,,,4,19,3,0,0,False,True,False,US
12,6877540221468443653,MS4wLjABAAAACgG5g2IVKLi45C0IkteXRQxQ0_ex8_J8peVVYIOCRSC1pntPc2GNLbrFLchot1YQ,_.m.alexx._,_.m.alexx._,https://p77-sign-va.tiktokcdn.com/tos-maliva-avt-0068/30b69667508082cbf0a2a16df2b38b70~c5_1080x1080.jpeg?x-expires=1684440000&x-signature=fUvJenJlBRLSl2%2BTKvSZ8q%2BpJQo%3D,üá¶üá±üá¨üá∑,,2321,6535,0,0,0,False,False,False,GR
13,6909161160953316358,MS4wLjABAAAA4PgIHdQg389bxyusmpDlNTUvzOCBFAe8z9QRWMoY9j_3eNo0de4YVwyIhS0ycFol,playboyvlogs,Cole Renfroe,https://p16-sign.tiktokcdn-us.com/tos-useast5-avt-0068-tx/e11b5fccf9938d570ea35a92370f9a8a~c5_1080x1080.jpeg?x-expires=1684440000&x-signature=RZsBp%2FZ%2BkAuMy07BxSJ%2BGsUuvK4%3D,"ü§≥ Vlog‚Äôs ü§≥
üìπ YouTube: Cole Renfroe üìπ
Goal: 20k üéØ",,18200,98,43300,2208,0,False,False,False,US
14,6783654138431374341,MS4wLjABAAAALMW68EtBjthj5GX4nZbr4kyBeTHbYgiC_yoVTnzlOMKBAo564QRgfLRNIK6ydYUH,aidenharper675,.,https://p16-sign-va.tiktokcdn.com/tos-maliva-avt-0068/980d68c3c0c94ba0fa307ba0c5b8bea5~c5_1080x1080.jpeg?x-expires=1684440000&x-signature=bSOfSvfQz0QhQL9VYfpvwIZmJZ4%3D,.,,1302,504,38,0,0,False,False,False,GB
15,7182683055966094341,MS4wLjABAAAAPg9tm5EiE-v0jdzB3mrt19rs3djti1QmZiQG-SVS68GT4GybO_TJbRFlFW8S6C3-,littlems57,Adrenaline bone,https://p16-sign-sg.tiktokcdn.com/aweme/1080x1080/tos-alisg-avt-0068/7218956432132014081.jpeg?x-expires=1684440000&x-signature=Wqp5mpbEl7v7WBWGhA1DIebSggE%3D,,,0,36,0,0,0,False,False,False,VU
16,6769692251822392325,MS4wLjABAAAA-kCtI2EkH6hLSHsEb_U0Xx5aF_uMuwSyDhiJDC6KrKPjgWdJSmblfArViZsOL1xG,teagan_zimzim,teagan_zimzim,https://p16-sign.tiktokcdn-us.com/tos-useast5-avt-0068-tx/fd8bd309e0937c49881393923b2ccbe2~c5_1080x1080.jpeg?x-expires=1684440000&x-signature=jiTeal16OHI21fCW2Gz9xRsBR5g%3D,,,451,7457,26,2,0,False,False,False,US
17,6859837924356572165,MS4wLjABAAAA69H5qtvW29YNBuZW04NOp619APOyS9ExQpFhh05eFZSQCetDh-mgWi3Qd5wX9RtB,rollin_dr3,R20llin,https://p16-sign-va.tiktokcdn.com/tos-maliva-avt-0068/6bcacd91ecb0aaec3231ccb3352c6ea9~c5_1080x1080.jpeg?x-expires=1684440000&x-signature=3ROWfrgviQWklo0p6oXRPiftEuY%3D,,,668,9768,0,0,0,False,False,False,US
18,7166183737939592194,MS4wLjABAAAARrxrBmmxkRIfCcFmr6S12_rUfn0uuEumK9oWPSo0fqA5GAtqSDuOIilZ9eqhgzSJ,layar857,layar857,https://p16-sign-sg.tiktokcdn.com/aweme/1080x1080/tos-alisg-avt-0068/5ab72845a80a3f1726b9f5fca8177c3e.jpeg?x-expires=1684440000&x-signature=jUnh1fLs66cBQkpGTrVOsgSqa3o%3D,,,0,259,0,0,0,False,False,False,MM
19,7233877362384667694,MS4wLjABAAAA3_ZACLRhA7Lc0aaUIiRX5pPCA1D-PAh7BLyGXevL9zZd-IvrDESa5HtB1tybhx3u,omidkayyofficial,omidkay,https://p19-sign.tiktokcdn-us.com/tos-useast5-avt-0068-tx/b412439fa10107d385fdfa2b32b01ee8~c5_1080x1080.jpeg?x-expires=1684440000&x-signature=Tv74JzwNlvls%2FF3Dz6aJ5%2FgOSGI%3D,"Inspiring others to reach new heights
Entrepreneur..Coach..Investor
WIFIMONEY",,2,25,0,1,0,False,False,False,US
20,6926886251534877702,MS4wLjABAAAAMgT7vKPYDBScx1xDhOrhlaeD3zz4Q60fkc6QTg8P3D4lTBUfgyZz8GjmpVusRazc,joelsolisrojas2,Joel Solis Rojas,https://p16-sign-va.tiktokcdn.com/tos-maliva-avt-0068/8f86fd428c3c0090ee0c73f8acc44e3c~c5_1080x1080.jpeg?x-expires=1684440000&x-signature=8Nyn735EZQsaC%2Bm%2FZ%2Fd5asshNx8%3D,,,10,357,0,0,0,False,True,False,PE
21,6897947677506929670,MS4wLjABAAAA4vbpFVG6n7SvHiI3RQkoWltLpdrKQHDJxAXwFP79RiZkEfyvtmiw5nuNxaqmcn6t,rajab744,Rajab Ali,https://p16-sign-va.tiktokcdn.com/tos-maliva-avt-0068/70bf7ad3bb54a0c7e3004ae275599888~c5_1080x1080.jpeg?x-expires=1684440000&x-signature=lwMTe5xBF89Cyjo%2B8zj3LtPLOBc%3D,,,284,141,3464,87,0,False,False,False,PK
22,7025153698376827909,MS4wLjABAAAAfXcAu9JYo3xH8LV-XXIoRprjUPl_RyfXJPpnu6kQp0AUNzxPrfwWGNSuFJ-kJt6e,r.2im,ÿ±Ÿàÿ∂Ÿä ÿßŸÑŸÉŸàÿ±Ÿä‚õé,https://p77-sign-va.tiktokcdn.com/tos-maliva-avt-0068/a18a75e2931069074cba6d975278fb87~c5_1080x1080.jpeg?x-expires=1684440000&x-signature=mxIbIbG0crKPIoxy3Na9kLkQHYM%3D,"ŸÖŸÄŸÜ ÿ™Ÿàÿ¢ÿ∂ŸÄÿπ Ô∑≤ ÿ±ŸÅŸèÿπŸåŸáŸëüñ§
„Ç∏„Ç∏„Ç∏ÿßŸÑÿ®ÿµÿ±Ÿá„Ç∏„Ç∏„Ç∏
ÿßŸÜÿ≥ÿ™ÿß m.1.re üíÅ‚Äç‚ôÄÔ∏èüíû",,313,366,2934,14,0,False,False,False,IQ
23,7233871849582330886,MS4wLjABAAAAC4NK7XS8sYGFhQBz4WMjsNHRcytnYx_JWP7rSuXVW3S0Cfr8hnhY-wyWHXgFd7W_,user182366761,Rajab Ali,https://p16-sign-va.tiktokcdn.com/tos-maliva-avt-0068/7233871955807862789~c5_1080x1080.jpeg?x-expires=1684440000&x-signature=8rE6Gx7DlB%2FcihjZvJJbVISz2hs%3D,,,25,77,1,1,0,False,False,False,PK
24,6811246841594676229,MS4wLjABAAAAsmxDl6FFohedr6ZByAsF2NJEDsPtXz5gqKxZ5fPrpvHXroQV72gcrLPNmveQaQmn,kabi418,Kabi,https://p77-sign-va.tiktokcdn.com/tos-maliva-avt-0068/e074fd9f998dab0251b2f60e21ec1ade~c5_1080x1080.jpeg?x-expires=1684440000&x-signature=rSBHZY2Yx2nQ32srOhS2BpwUpRo%3D,,,182,2026,115,1,0,False,False,False,BE
25,6889258245988369414,MS4wLjABAAAA9b-q6qoZp6jz5K_cSHR3C1eLwvo0EaA62SqNmXHVhbBJMQ61BrwUIFr4N1fa1bD4,joshua_lr_06,Joshua Loor,https://p16-sign-sg.tiktokcdn.com/aweme/1080x1080/tiktok-obj/1681948009616385.jpeg?x-expires=1684440000&x-signature=WKCxAIG11Th9RMUWvAORAGP%2Bgxw%3D,,,98,3194,24,1,0,False,False,False,EC
26,6953267641990497285,MS4wLjABAAAAANwRTTb-aav0Y15UQSBV9Fr9wJ8JDlJSNJs45ju_QOqUJD4CYsTGSsh6AOt8Yvqb,jayyy.dev,Him,https://p19-sign.tiktokcdn-us.com/tos-useast5-avt-0068-tx/dc1017c4c17aef72ac5503accf52dde2~c5_1080x1080.jpeg?x-expires=1684440000&x-signature=OFmp6xFeAfPPPE8F5gJCAL2HMNM%3D,Best 13 year old editor,,287,1080,1007,31,21400,False,False,False,US
27,6698911289995150341,MS4wLjABAAAAM_4NnjU6Fcv7twGGVhVPAbVMhm-F2Mn5y9bVLdERf81iwW_6e2wh3an6-MmoIyL9,tj_wa_tina,TJ üíûüíû,https://p16-sign-va.tiktokcdn.com/tos-maliva-avt-0068/34f508dbbca50ae3bc6cfdc9b0efd5de~c5_1080x1080.jpeg?x-expires=1684440000&x-signature=TOx%2BKmXxANI%2F0uUtgzPI70azth4%3D,Start Saving,,13200,9987,74100,462,75600,False,False,False,QA
28,7103868891957150726,MS4wLjABAAAAuxUM5l9qtnE7bWDdfuK94PkR6ljmlda7yyW58YfhaZpQywGapKKM8Y_xi_Zt0sJI,piroboom9,üöÄüöÄüß®üß®,https://p77-sign-va.tiktokcdn.com/tos-maliva-avt-0068/7f62b84f23532f190dd27d8f287b2b2b~c5_1080x1080.jpeg?x-expires=1684440000&x-signature=bNgTWPWK9tONReSYrS0%2FnIbhNms%3D,üß®‚ö°PIROTECNIA ‚ö°üß®,,717,891,14200,6,0,False,False,False,ES
29,7127391274151199750,MS4wLjABAAAAogYouDoFvoGXfPEo3uW1XgVCuuzJgVaivGbSXft3A9Q4QAVw8ZkpYFC2stq12rZJ,amir.212z,a,https://p16-sign-va.tiktokcdn.com/tos-useast2a-avt-0068-giso/81931141c9038e3597469b53844e4c07~c5_1080x1080.jpeg?x-expires=1684440000&x-signature=9Qmc35AQPqJnOEkWaZDId2UB8Zg%3D,,,9,91,0,0,0,False,True,False,FR
30,7221149303313400875,MS4wLjABAAAAymga2A4qVBOePtFzwDqNgh5M8r1iqgj1qHQOOU2_c_gWZnnZ6a_mdAsVx4Bn_fdW,macbook1958,kingmosesdagodd,https://p16-sign.tiktokcdn-us.com/tos-useast5-avt-0068-tx/7221150593132265515~c5_1080x1080.jpeg?x-expires=1684440000&x-signature=rdeZuRXAbI0zE7LvJWio%2FdUt3d0%3D,,,6,75,0,0,0,False,False,False,US
31,7040924364078629893,MS4wLjABAAAAKa9eul4-5GwdjhdKSf3NcF2iE2pITVjhQ2-cDxO-YkR2eknvH_r3ecqJD2bLOPoO,endi_551,Endi_551,https://p77-sign-va.tiktokcdn.com/tos-maliva-avt-0068/f8b66a160048f0f8e60f025f74e42266~c5_1080x1080.jpeg?x-expires=1684440000&x-signature=K97RKYURmWtYsua0do45nUjoz2k%3D,,,334,1651,0,0,0,False,True,False,AT
32,6633897421284753413,MS4wLjABAAAAtdDXImVx9zwEhA0AUlBmPp69UqD6tfDSkcA4sAi7rrwjwHrIO_euMkDMnupVQTCV,alejandroosh,aaaaa,https://p16-sign-va.tiktokcdn.com/tos-maliva-avt-0068/7218767368827043845~c5_1080x1080.jpeg?x-expires=1684440000&x-signature=A71LV%2FIVh%2BDZoc%2FTH9XYyCwoyxo%3D,,,3,17,0,0,0,False,False,False,MX
33,7135165746213569542,MS4wLjABAAAA-d3DPDH5r0aC7HFjmHhzH-ViVdeH3yZyNatS5MGYO85bwjxOHKJsAFCo7rdXFm0j,javv_011,Langepriv,https://p16-sign-va.tiktokcdn.com/tos-useast2a-avt-0068-giso/8b520e9eaf2426078c5d9c69cea741d0~c5_1080x1080.jpeg?x-expires=1684440000&x-signature=LC1brGONpTzAfWyfSEylKuGhHII%3D,,,7,159,0,0,0,False,False,False,NL
34,7113108096100090886,MS4wLjABAAAAZKi43cLhr0wQx1rPpetjBprQkwmvGu4wxJqaID989oa7vVV4JHQUhdOro6XrBNIN,yohomie32,Yourhomie,https://p16-sign-va.tiktokcdn.com/tos-useast2a-avt-0068-giso/529c4a34f205d077c755900c6a415fd3~c5_1080x1080.jpeg?x-expires=1684440000&x-signature=pjO3CI%2FgCYxlDy5DWUr%2BNDWreJI%3D,"Christ is king‚úùÔ∏è
üá≥üá¥",,170,4671,0,0,0,False,False,False,NO
35,7233112070907118598,MS4wLjABAAAACVvFD37GzrnEur2LiFQhBTW2vtLjhsO0mlW1Fz4Eqp16CyXZiiCn2ACoWeA5Rryc,jdjfjddj62,moha00,https://p16-sign-va.tiktokcdn.com/tos-maliva-avt-0068/7233115717581832197~c5_1080x1080.jpeg?x-expires=1684440000&x-signature=DvtTnCB6t74VNSer6kd0KnhnJbE%3D,,,1,8,0,0,0,False,False,False,DZ
36,6905744761974965249,MS4wLjABAAAA8WwYsHhhSM4EW6lzEl-X07Xij2oOSabZGW6N7tBEevUH____fXIluauGX4SYccHO,polad_190,rustemli_041,https://p16-sign-sg.tiktokcdn.com/aweme/1080x1080/tos-alisg-avt-0068/2d2dfdd821530acad0a9ff0c7832873f.jpeg?x-expires=1684440000&x-signature=%2BQ1RdN%2BS0jgeJl3hGrrKkptFtZk%3D,"ID 5833901320 
30fps
ya≈ü ¬π‚Åµ",,529,1447,290,6,0,False,False,False,AZ
37,6992255593264546822,MS4wLjABAAAA7n5SQaiI8LqBOsjwMgp14d1a4nSUCNrUJLHYQHnIu99_GP3RyhOsDMaYEmpqY5Zo,shk6140,shk6140,https://p16-sign-va.tiktokcdn.com/tos-useast2a-avt-0068-giso/79d2e894773cc36f707fb9400f7d73ae~c5_1080x1080.jpeg?x-expires=1684440000&x-signature=U0W7lkKrdK8PMi6fEw1SaKoSqs0%3D,,,1311,3219,18400,608,0,False,False,False,PK
38,6793313246533485573,MS4wLjABAAAAQkmM4IKnCIxSeZmyEAEvrwFWsn9bVdhW6y9TyhM7V1bR-j_8YiZcrrEcjcaHhmwV,habib_darwesh36,ùìó ùììùì™ùìªùîÄùìÆùìºùì± ùì†ùì™ùîÉùì≤,https://p16-sign-sg.tiktokcdn.com/aweme/1080x1080/tos-alisg-avt-0068/4430cd111d1fb3756ab331f1968e1926.jpeg?x-expires=1684440000&x-signature=HjvL3xMYENtVi8IyhLGK7i7oAlw%3D,Afghanistan ‚ù§,,231,1338,1726,72,0,False,False,False,PK
39,7148571656200799278,MS4wLjABAAAATxP6crsPbWedqFwd0RWbxmkc6pXXAxSB7TNCW4wPsxafocfjeJJ1Eiy3ZfdHv6N3,johnlovesmorganwallen,babybuffaloj9,https://p16-sign.tiktokcdn-us.com/tos-useast5-avt-0068-tx/d2f89a3ebd81866098017e446240c57f~c5_1080x1080.jpeg?x-expires=1684440000&x-signature=PFO8Q%2FTyn%2Begc9ejkrof9%2B2fhLU%3D,I like fishing,,102,3682,162,4,0,False,False,False,US
40,7230344854264431621,MS4wLjABAAAA1t9LP_r_3WfOI1Rd3HxhQMxAN7VaEYtruiyS721hs-7xVrZVPMS7Q8PDkqX5QKDs,shanhussain19,shanhussain668,https://p16-sign-va.tiktokcdn.com/tos-maliva-avt-0068/7230345285447680005~c5_1080x1080.jpeg?x-expires=1684440000&x-signature=JlUUpMsntTzcnPrcKsGvv4QpzeE%3D,,,57,250,370,18,0,False,False,False,PK
41,6621137743790227462,MS4wLjABAAAA5cn6f6LDFOHW7WCLLXZ6PhGODlGdYzIbDJtRbg7shoTpVTKAtcTpitSmM0My_dOh,aburawaadtirawi,Abu Rawaad Tirawi,https://p16-sign-sg.tiktokcdn.com/aweme/1080x1080/tos-alisg-avt-0068/ed3148e2f7b4d7decc171c92cad8f0ee.jpeg?x-expires=1684440000&x-signature=ozyy4GamLzH%2Bs489TueqmJjS%2BDA%3D,No bio yet,,1303,1210,5351,105,0,False,False,False,IL
42,7222433305013158954,MS4wLjABAAAAEy0GHoXJEG3a2dhPIrmy-qf9qtCgUkP1jetRfwLKOO4oJxZG5s7qAJK5YxtMGpPu,floresricardopanzo8,flores ricardo 558733,https://p16-sign.tiktokcdn-us.com/tiktok-obj-tx/9fcfcf64a6da2faabcfe78d4c7ec93b3~c5_1080x1080.jpeg?x-expires=1684440000&x-signature=cuwQI825KlGmtW0gmQ6jyXa4IOs%3D,,,14,565,21,4,0,False,False,False,US
43,7183309814201205765,MS4wLjABAAAAFFP-Ls7ZV3TfLi1vjz3Sraj6L8Ke_mcL9-4FOIMiivs051MZuzCdYPLx9zG_CIeY,bobjfbffvf,Kfjfbfj,https://p16-sign-va.tiktokcdn.com/tos-maliva-avt-0068/7183310137690914821~c5_1080x1080.jpeg?x-expires=1684440000&x-signature=ZVWu9q2kRMjpp27Jg3EdDJvT6xg%3D,,,32,2730,0,0,0,False,False,False,NO
44,7145933197288031237,MS4wLjABAAAAA_CDHg9mwA9eADB-se2gTyQ1bV7tgQ0bjtBjTzGfcKK5hQOjqGCDsCeuadp5uL59,wxatr.sha,2222,https://p16-sign-va.tiktokcdn.com/tos-useast2a-avt-0068-giso/429bfa2c50fb55bc8291d6c29b81ada8~c5_1080x1080.jpeg?x-expires=1684440000&x-signature=5qYPb7k%2B7scrZWXgfx7tV4TR%2BOs%3D,2222,,314,30,620,7,0,False,False,False,IT
45,6714935779515024385,MS4wLjABAAAAu9MN_zK9R7JSKIe7AHH6wCTPVRiK8l3KMDwMcmlflUeSivfUuAo-Ks8bQqnlN3iM,nnnxfl,ssq,https://p16-sign-va.tiktokcdn.com/tos-useast2a-avt-0068-giso/135ea07a79abd566a4dab0a1291d53de~c5_1080x1080.jpeg?x-expires=1684440000&x-signature=IJjkV5t%2F8i0ResRkoSg0SEgrbbs%3D,,,258,4279,0,0,0,False,False,False,TH
46,6635295959343972357,MS4wLjABAAAAyfrDDgLSbyjIakktK3ER_aWc55SS7ube-0tLk5tQXzbsGQAWYobE2zYsZsHrkcTn,pasquy.simo,‚Ñ¢,https://p16-sign-va.tiktokcdn.com/tos-maliva-avt-0068/296dbc6e0bafb679fbc7d930c130f1af~c5_1080x1080.jpeg?x-expires=1684440000&x-signature=GoqCsz7%2BqYYpM5aOUatnNOhEnR0%3D,,,162,1651,109,0,0,False,True,False,IT
47,7007446926552056837,MS4wLjABAAAAiio2AhnevmXpCRrE2q6EUw9b0N25cyAMtn4XD0kyEEeaf_QbQF5kQbWXIlqaxB16,touteestbon,Toute est op√©rationnel,https://p16-sign-va.tiktokcdn.com/tos-useast2a-avt-0068-giso/f810d21c9c7b473ad162e17e494ad214~c5_1080x1080.jpeg?x-expires=1684440000&x-signature=L%2FnstbiyVPlBCjrHgFwtiE15dI8%3D,,,60,249,0,0,0,False,False,False,FR
48,7035379980969657349,MS4wLjABAAAAeBQAC04P8p_2T8AlciyvMXlvlUiuoM-2P-vOU1qMNgI_T-pKHnBFo2MQ27-Q29f2,ardermsonpaul07,Paul Ardermsonüá≠üáπüáßüá∑üáßüá∑üáßüá∑,https://p16-sign-va.tiktokcdn.com/tos-maliva-avt-0068/fc59c518a2f9a8dd28646a545c0d9660~c5_1080x1080.jpeg?x-expires=1684440000&x-signature=tf2HDRIZpAUgUz%2FzoXeBm%2FYLf2s%3D,,,6293,9821,9559,0,0,False,True,False,BR
49,6887889543442629637,MS4wLjABAAAAkeuBmnep2cj4sdPB9Xu-1vYDPyGLkC22JUBLjTr6wvbK1UEdB_T71BtRYPSX-EB6,el.mohaa5,mohaü©∂üá≤üá¶,https://p77-sign-va.tiktokcdn.com/tos-maliva-avt-0068/cbe00f3b7e029dd90d3e60a6e48b490e~c5_1080x1080.jpeg?x-expires=1684440000&x-signature=azPjKu8VdeKP7BHUiaxsVe9MttI%3D,üá≤üá¶ü§©üèÜüß†ü•ä,,364,106,340,4,0,False,False,False,ES
50,7211886216521237510,MS4wLjABAAAAFxlXO414_UJc4iG92xCpOh-Yf_sgf1wAywX_ACBe7T_R93T3uOwiqaJF7w8O8mHh,lanesmiley2,#1glizzie,https://p16-sign-va.tiktokcdn.com/tos-maliva-avt-0068/0fe4e3efbab8f99e0cc541f6b2a99f5a~c5_1080x1080.jpeg?x-expires=1684440000&x-signature=yMVD4PfeLnPvyGoggTeWDhGcq%2BA%3D,"Likes games,cool",,89,644,46,9,0,False,False,False,CA
51,7006721201028776965,MS4wLjABAAAAdR-JfLS4s17RJZL8Ks0U_pSyNpNV7N89iG4UwwsZapGQ_SVzj_PhqJXELmMif1Ez,theluvlyrubi,Íí∞‚ëÖ·µï‡ºö·µïÍí±Àñ‚ô°,https://p16-sign-va.tiktokcdn.com/tos-maliva-avt-0068/99647d00e337b95b7b744a0a4fdb7153~c5_1080x1080.jpeg?x-expires=1684440000&x-signature=JtFlucJjUAUuFxbHc82BXq86c5w%3D,,,1164,548,14600,0,0,False,True,False,MX
52,6809672015130723333,MS4wLjABAAAACx7y0ViAw8yR7sVLkt3S6nN132RR21YA7S53A5Y7j8GpsPV4DFGmS38J3X6Ccx0F,hooversama,Hoover,https://p16-sign-va.tiktokcdn.com/tos-maliva-avt-0068/a7ac39e0aff2b75a4bc5b817f8aa8bc4~c5_1080x1080.jpeg?x-expires=1684440000&x-signature=ZW%2BECXqKlwmhZ8PZPPl9RZTG6Bo%3D,Merci pour les 12900 abonn√©s !!! Go les 15000 ‚ù§üî•,,12800,3430,489300,614,0,False,False,False,FR
53,7149102356184499206,MS4wLjABAAAAfZnfKajz-222BjASFfkS1zJB8PBvY8TSs_7RjJ8gYHvCcN2fHsOuqnAHNJJkq0_3,saif___khan3,Saif__Khanüëç,https://p16-sign-va.tiktokcdn.com/tos-maliva-avt-0068/cbf0d787bb9ad1f2dce240e4839654b6~c5_1080x1080.jpeg?x-expires=1684440000&x-signature=WpxsOEJ15YOCi%2BGhLpemgbgNlCM%3D,"Fan of tyson ü•ä
Boxer",https://www.facebook.com/profile.php?id=100014947541288&mibextid=ZbWKwL,8067,141,6458,47,0,False,False,False,PK
54,7025360685816497158,MS4wLjABAAAARC-KSD2u1R1wy2vU8No_s0qICYy2Q39SAW8Wn9z3WYQWM8_lwAYtnG9pTjHwbaOv,amrohbibi,Amro Hbibi,https://p16-sign-va.tiktokcdn.com/tos-maliva-avt-0068/78ead192ffb3592e94d16a472da81fa9~c5_1080x1080.jpeg?x-expires=1684440000&x-signature=ESFoAJv4uW%2F2%2BQk7lEmq05AYwHM%3D,,,26,44,0,0,0,False,False,False,TN
55,7184647061995619333,MS4wLjABAAAAXZUd_hhkRNEl3DGbzhXcq4AF6tyYwNNsjF5OVNDC3JMiBXTH-lNgfLAkhWhLZZf0,_mr_affi,MR_AFFi,https://p16-sign-va.tiktokcdn.com/tos-useast2a-avt-0068-giso/84853a8e3807218c1e2cbe81c7b7c615~c5_1080x1080.jpeg?x-expires=1684440000&x-signature=KGpGwEvg1tgZsoWex9ggKXrxQfM%3D,ü•∞I_AM ALWAYS PLAYING PUBGMOBILEü•∞,,42,271,272,47,0,False,False,False,PK
56,7032153671963280411,MS4wLjABAAAA4BZ_acqzXg0JSe77PuqDEw24ImwYdDcRzUaqyUFfGP-mjdQHATWsuswx18FVJ56i,zuborazsohel,Zuboraz,https://p16-sign-sg.tiktokcdn.com/aweme/1080x1080/tos-alisg-avt-0068/b70de2fa8aff3618b328a26b3021c5f5.jpeg?x-expires=1684440000&x-signature=HtsAzOgiDBjvE%2Bmk3B%2F7GovgV8k%3D,"üî•‡¶ö‡¶æ‡¶ü‡¶ó‡¶æ‡¶Å‡¶á‡ßü‡¶æ ‡¶®‡¶¨‡¶æ‡¶¨üî•
From Bangladesh 
live In Ctg 
HBD 20/12/1992
#Ctgtiger",,605,433,4055,73,1131,False,False,False,BD
57,6915056969800254470,MS4wLjABAAAA3VLDMcxzuQv6WUTrTgmL3Jpa76bjVIAtjdWrC2Jbni40mWRgswuk00BtDBDLhVqQ,karnacheto.com,Venko,https://p16-sign-va.tiktokcdn.com/tos-useast2a-avt-0068-giso/a3fdb957a2d8e54ed4f4f3463d617184~c5_1080x1080.jpeg?x-expires=1684440000&x-signature=JwRBN7Xss6KHwlMUIqbOesGKZNw%3D,,,753,1154,264,20,0,False,False,False,BG
58,7102169908889732102,MS4wLjABAAAANabFIJRVDTiC9RUXC_j5mUIBOBeInAlW7VUEGupTrD56KYfNEJcYG0c323VGnzAy,carlotaaaqs,Carlotaaa,https://p16-sign-va.tiktokcdn.com/tos-maliva-avt-0068/2377220a11535df9195d34e4c93fa151~c5_1080x1080.jpeg?x-expires=1684440000&x-signature=Ri9AKy4iwo9NQ%2FIad8JAW64%2Fom0%3D,Ig: carla_qs19,,25,208,190,0,0,False,False,False,CL
59,7209013206060450822,MS4wLjABAAAACvFD96aC4qY6ZTuGLhRTjKTminB0_Z9m1oKodsJNqkwIaiTe09EPTBdgIzednnbP,user_davcalion,Mother_of_Dragons,https://p16-sign-sg.tiktokcdn.com/aweme/1080x1080/tos-alisg-avt-0068/19b3bd601dc6338e7c4f3c135f491de7.jpeg?x-expires=1684440000&x-signature=Dm4IVfrG8lPprbtus5zS9caALQc%3D,—Ö–∑ —á—Ç–æ –ø–∏—Å–∞—Ç—å üò≥üòÖ,,77,410,692,47,0,False,False,False,US
60,6991206505467347974,MS4wLjABAAAAsioa-U8sIsHTvLoP6ZSp2al0BM4Y2x90MUlaefARzFvr_GIX_UvuVYqLHnlRtOCW,delacruzmiguel681,delacruzmiguel681,https://p16-sign-va.tiktokcdn.com/musically-maliva-obj/7005991812095541253~c5_1080x1080.jpeg?x-expires=1684440000&x-signature=w%2Fhr7uh67LJHi%2BdmmgrbjK7KG1U%3D,,,32,157,77,8,0,False,False,False,US
61,6904971320192697345,MS4wLjABAAAA1fica1EjpSX0dgujuugYRW7IMuVPVU5mA9qP9LFckmZ4wO1VnoJzmWS_CClxoiI4,cznburak4387,@CiHaN-beg-xd_21,https://p16-sign-va.tiktokcdn.com/tos-maliva-avt-0068/24590eeac66e01e12d3bd65f2fc12008~c5_1080x1080.jpeg?x-expires=1684440000&x-signature=MrAA2SxcAfK%2FYTTFl4QE7nqqrOw%3D,üëÜüëÜüëÜd√ºnyanƒ±n en √ºnl√º isimleri yukarda takip ediliyor,,2229,170,614,12,6582,False,False,False,TR
62,6706044448217793542,MS4wLjABAAAA29A-ErFurnNaR2hn56lSLSepCpirYSWoDo_rXFTrv2Uiub93L3WM17dXZgrwb_hR,baran_0444,BaRaN,https://p16-sign-va.tiktokcdn.com/tos-maliva-avt-0068/113de73b118dd9f931858623ab128c26~c5_1080x1080.jpeg?x-expires=1684440000&x-signature=Obnfy0177WiAGmV6gopgCDPEddw%3D,üáπüá∑,,49,36,0,0,0,False,False,False,TR
63,7018135678425203718,MS4wLjABAAAAQOnC_v-0Y_idKeVcXvUG1rZmuBcRg_0QE6wZnMInwVQMpBTXnezV__LoCswYLYQ0,zeeshan_baloch095,sad boyüíî,https://p16-sign-va.tiktokcdn.com/tos-maliva-avt-0068/17fcb140865a84ad1b1f8aa71da3b193~c5_1080x1080.jpeg?x-expires=1684440000&x-signature=RfqglSUsGvoO3lubFHBZ3qsAH5I%3D,"ŸàŸá ŸÖÿ¨⁄æ€í €Åÿ± ÿÆŸàÿ¥€å ⁄©€í ŸÖŸàŸÇÿπ Ÿæÿ±
€åÿßÿØ ÿ¢ ⁄©ÿ± ________ ÿßÿØÿßÿ≥ ⁄©ÿ±ÿ™ÿß ⁄æ€íüíîüò£ü•ÄüíØ",,1095,396,248,13,0,False,False,False,PK
64,7211321717204993029,MS4wLjABAAAA_TNqFf7t_yE-xtX82wzWtiuKy2-WIU8eTM6urWuOMulFLEYSOayzgNx1IjfmCfdv,user6100190349198,srbernal14,https://p16-sign-va.tiktokcdn.com/tos-maliva-avt-0068/6e36e677c66d6f230d5d909e7baca9d4~c5_1080x1080.jpeg?x-expires=1684440000&x-signature=x6WXFdTtNOAuOo8tV7aEycnoZCo%3D,,,6,33,0,0,0,False,False,False,CO
65,7154819392152470555,MS4wLjABAAAAuHebgo0Hiqio-ZsLMXb2XrJSnVk7YYvJRmNYwgHsgrfROdKyipwNdMs32fxd63yf,adnankhanjaan14,ADNAN....JAAN..üòò,https://p16-sign-va.tiktokcdn.com/tos-maliva-avt-0068/0455b3817915e74cd22070126cc1d18b~c5_1080x1080.jpeg?x-expires=1684440000&x-signature=iP1%2FYnPfAbkfAR15uRBdkQinjKQ%3D,ÿØŸÑ ÿØ⁄©⁄æÿßŸÜ€í ÿßÿ™€í €Å€å⁄∫ ÿßŸàÿ±  ŸÑŸà⁄Ø ÿ®⁄æ€å  Ÿæÿ± ÿ¨Ÿà ŸÑÿ∞ÿ™  ÿ∫ŸÖ ŸÖ€å⁄∫ Ÿà€Å  ⁄©€åÿß⁄∫ ÿÆÿßŸÜ  ÿµÿßÿ≠ÿ® üòîüçÅü•Ä,khan,21600,110,240100,45,0,False,False,False,PK
66,7183109791412454442,MS4wLjABAAAAKYtop9q3zlv8gnGEFAX1qcuQDSQ36a3mMys7QMhV6WTyThMwaLzs33blqGs4wMLg,exvinity808,torrance079,https://p16-sign.tiktokcdn-us.com/tos-useast5-avt-0068-tx/fe50138d3f9372ebdae4594db4713e2c~c5_1080x1080.jpeg?x-expires=1684440000&x-signature=vRqyL1wPLSpWa2PxGvaCAASbtZc%3D,,,33,151,235,47,0,False,False,False,US
67,6999284703204475909,MS4wLjABAAAAMCOPJA-a3qDppYaFJJgaTfzdtYeAJhmkddBs7u40Zg53ss6h98cdGDOeG2ZHR7tD,1.1.1_t,1.1.1,https://p16-sign-sg.tiktokcdn.com/aweme/1080x1080/tos-alisg-avt-0068/3d6491cb0d96aa6b79ce0e0ab680d053.jpeg?x-expires=1684440000&x-signature=RK%2Fwd6sIaZiSO5bEbePD6hXDdwI%3D,,,124,4615,0,0,0,False,False,False,LV
68,7008845838194607109,MS4wLjABAAAAwGbRAxvt9gqW6JNiJfzzgdVZPPVUF1Uyzc6xRFVJprIXiaTLQ67ZkXN08gpWQTTW,rikuperkkio,‚ñ´Ô∏è,https://p16-sign-va.tiktokcdn.com/tos-maliva-avt-0068/78f4ed9c7247cfc7421ebaaa015a8daf~c5_1080x1080.jpeg?x-expires=1684440000&x-signature=pg3mu1pSUB591oSYdfvDnE88%2FXA%3D,‚ñ´Ô∏è,,16700,6803,692,1,0,False,False,False,FI
69,7077707951864169518,MS4wLjABAAAANALIqD80rBWmHAYT283DHWupvMpnE1grz7PqMv357fVD-s96SM6t5WvVzp4Tld99,anabellalleshi571,Anabellaüá¶üá±,https://p16-sign.tiktokcdn-us.com/tos-useast5-avt-0068-tx/3e985157d9ec769c5ddf4bb8fefca191~c5_1080x1080.jpeg?x-expires=1684440000&x-signature=%2FeenMNFSpfFZQFV1RnEqrJdTIOg%3D,"Main: @anabella_lleshi7 
Snap: anabella_lleshi
NY",,297,1918,0,0,0,False,False,False,US
70,6956629761196934149,MS4wLjABAAAAAXk5mumMbj-ZvDk17oL0wbdwff_269EbZnxi9Ofdb7HoMEri0vUv1Ezv3t2Kla-N,bigman8911,Nobody,https://p16-sign.tiktokcdn-us.com/tos-useast5-avt-0068-tx/4ac510a29fbe79c54450836d0b575cdf~c5_1080x1080.jpeg?x-expires=1684440000&x-signature=cc1wrOWTxmW4SFym0ERZzIJ5ftw%3D,"God‚úùÔ∏è
Soccer‚öΩÔ∏è
Other account
Mr_buckley8911",,382,3486,441,57,0,False,False,False,US
71,7228263716819010565,MS4wLjABAAAAGCF3lO9Ipx11NpqEE5oFYJxrb_EEYJCP-2Te2HhaIOcrDqqwxTV5E9UV0wv6AQHH,santiagoaldaco62,santiagoaldaco62,https://p16-sign-va.tiktokcdn.com/tos-maliva-avt-0068/7228263841875820549~c5_1080x1080.jpeg?x-expires=1684440000&x-signature=%2BhJX%2B%2BZFaCGzB2zjfPn7wYupFLw%3D,,,0,4,0,0,0,False,False,False,MX
72,6649023050875109382,MS4wLjABAAAA-s0il3OPjpeavzKBHUUH0QCibLN_TPtYXF_EcOYsvNdgYHspp6Y85SOjsLvc_NQk,samymajbry,sa my,https://p16-sign-va.tiktokcdn.com/tos-maliva-avt-0068/01b235f1392bf264393917be6766fc7f~c5_1080x1080.jpeg?x-expires=1684440000&x-signature=Qb5C3lU8xoMmreM3vHTM3iAZMdw%3D,,,772,3419,198,14,2745,False,False,False,TN
73,7146251455379866629,MS4wLjABAAAAhNRiDmHIecFPwhtXB91dqLFwaI_gYd_KudkoQPCfz6ODVcklD0ahPNOP65DQnLpQ,houssamrhazali4,houssamrhazali4,https://p16-sign-va.tiktokcdn.com/tos-maliva-avt-0068/7146668459793842182~c5_1080x1080.jpeg?x-expires=1684440000&x-signature=a4ARAEQQNydrWmJ%2FTyf1%2FKABUV4%3D,,,0,70,0,0,0,False,False,False,MA
74,6939250606583186438,MS4wLjABAAAAw3OgFTIXnRCNTcrx9aD7czNnHLAeU04EERzO783GC_Vjz8nr2qZUdVDa7nlrUm4Y,foxsey4,user560523300272,https://p16-sign-va.tiktokcdn.com/tos-useast2a-avt-0068-giso/86cc9a4724c077d35909a0b0badd083a~c5_1080x1080.jpeg?x-expires=1684440000&x-signature=wEOCSoWymOI%2BIfk%2F48jESRLRLw0%3D,,,1734,327,12400,164,0,False,False,False,IT
75,6606463482383941638,MS4wLjABAAAA4ZpMUB9cRgMJdHQGweXE2WBeG1qebL4sRnRpF6hJR5-s_sOo09L0_qfGAe3dMGJy,sametbegi13,BEGƒ∞CAN,https://p16-sign-va.tiktokcdn.com/tos-maliva-avt-0068/f953ff831eb7237abd1bc8cf00b72b3a~c5_1080x1080.jpeg?x-expires=1684440000&x-signature=LMcemr9ZmTtj27cOi9Ajr81kDdw%3D,√ñyle i≈üte,,1602,63,19300,153,0,False,False,False,TR
76,6847701671155205126,MS4wLjABAAAAK-bA4guxV39cOMkhJ8DPYRbAl_Av0qbcGYOmrlb5iXqEyhmp5alSvzlzUaQvNyDg,marcelo_sevla,Marcelo,https://p77-sign-va.tiktokcdn.com/tos-maliva-avt-0068/c6f043b43c82dab456435e289a7b411a~c5_1080x1080.jpeg?x-expires=1684440000&x-signature=SVLZXCd63%2FZN8BFNSNUyvLKHgmU%3D,seja bem vindo para me seguir üòÄ,,1142,159,867,37,0,False,False,False,BR
77,7232323342433502235,MS4wLjABAAAAqhR8nnMHoGLiVfwHcNF2TD4A-KU7LK48rkFLKUHOmnUoqtMvOD4siozlpq5wzP3W,elalii9,Ali,https://p77-sign-va.tiktokcdn.com/tos-useast2a-avt-0068-giso/63ab22d53fe1a46219e6aac6fd4356ac~c5_1080x1080.jpeg?x-expires=1684440000&x-signature=f8mWkSES4HtrAXeixNuBPWIVUsE%3D,,,2,35,0,0,0,False,False,False,ES
78,7107690110641046533,MS4wLjABAAAALv4wuu8rTEpEaOh4IC8ofYbxyS7SgGBnNntUgi5nUxd8h0BDgU9JFnftUak1mqlU,_red__mcx_1903,RedCam,https://p16-sign-va.tiktokcdn.com/tos-maliva-avt-0068/aa086dcfdcc35db6856ada6bd93909df~c5_1080x1080.jpeg?x-expires=1684440000&x-signature=1kD9xijvm5ROtg0uQmRu1fPp300%3D,ü•äüî±üî±solo soy un boxeadorüî±üî±ü•ä,,280,191,957,33,0,False,False,False,MX
79,7120253139865027589,MS4wLjABAAAAEnmd-ri3gYuzZfKHpcNJxc9ZU9aXSI8hdzPwzeTmXOAHygDPdpCItUPu5JSvsQG2,bencebunyos,Buny√≥s Bence,https://p77-sign-va.tiktokcdn.com/tos-useast2a-avt-0068-giso/413d92afb8574b8b4da08bf9acc089a1~c5_1080x1080.jpeg?x-expires=1684440000&x-signature=ZqLa29I5SgnwoZi%2FmhwEji%2BuGrw%3D,,,2,17,0,0,0,False,False,False,HU
80,7232714703822472194,MS4wLjABAAAAEQ2TdwiCtU91TevApfp092zM7XfL1sbvkeH-ZNJsGBAoMCnO2YvcRn9hwtV6CwST,romanseme4,Brondongü§†,https://p16-sign-va.tiktokcdn.com/tos-useast2a-avt-0068-giso/c95ffc688433b6f9056daaac87e76c35~c5_1080x1080.jpeg?x-expires=1684440000&x-signature=XtwYp4%2F7B8NWM0vVTKL8vOA9ip8%3D,,,0,4,0,0,0,False,False,False,ID
81,7232987663485682694,MS4wLjABAAAABlgVVEa8dj30vJUEmmnJySBYqA_1NMhC9FKp_0ukvFE9NH89dEb6sqE7PwjfMzHz,user3599833912911,ÿßÿ®Ÿà ÿßŸÑŸÑŸäŸÑ @#$,https://p16-sign-va.tiktokcdn.com/tos-maliva-avt-0068/7232988216079417349~c5_1080x1080.jpeg?x-expires=1684440000&x-signature=hJkeEmz4YDd2hqObu6z6mPu5%2F3I%3D,,,4,142,0,0,0,False,False,False,TR
82,7233718564329817130,MS4wLjABAAAAy0Wrxd3tvosGtKANAnVm8r3087My63TCeZdXNd1-ZfCqaV8f42uNQmGPPuIBBdp0,boxiing_university,Fantasy Fights,https://p16-sign.tiktokcdn-us.com/tos-useast5-avt-0068-tx/2ea39c9ea408c7b02ac35c9d2489c0b4~c5_1080x1080.jpeg?x-expires=1684440000&x-signature=N%2FfoNo9A4xtthMplOGBgCN82r3o%3D,"‚Ä¢ Fantasy Fights üëë
‚Ä¢ Boxing News ü•ä
NEW ACCOUNT",,94,4,4510,2,0,False,False,False,US
83,7103635504125445126,MS4wLjABAAAA5oA58CKOWHVp7g4ArCFCryG2EqE94kX4adCG7Onk1fH_MDhoUs55MfX7qIUp_EQI,soypibi,Jos√©-Toroü¶Å‚ô†Ô∏è,https://p16-sign-va.tiktokcdn.com/tos-maliva-avt-0068/76dfa9a7a4e1535d453fac6c9a3c3429~c5_1080x1080.jpeg?x-expires=1684440000&x-signature=laAhHhN9gWhWkrVHwmu6b4KegEs%3D,üáªüá™.üá®üá±,,47,450,40,1,0,False,False,False,CL
84,6644915699343343621,MS4wLjABAAAAik5pF-8gO-oOCI-rcrn2Qsw97OMAZET_dKysjr4ec93Jpwd_TBar-7YbQWdN17Q2,emanimranimranema,ÿ±ÿßŸÜÿß ÿπŸÖÿ±ÿßŸÜ ÿßŸÇÿ®ÿßŸÑ,https://p16-sign-sg.tiktokcdn.com/aweme/1080x1080/tos-alisg-avt-0068/1674483933291521.jpeg?x-expires=1684440000&x-signature=6MPrLqImyrbDMXjNoayMQtb1zf0%3D,ÿ±ÿßŸÜÿß ÿπŸÖÿ±ÿßŸÜ ÿßŸÇÿ®ÿßŸÑ,,11300,184,24700,1148,48600,False,False,False,PK
85,7177706053332370459,MS4wLjABAAAACdVQBqA-EhDs8yn7w6nGj1_E72bpooIxI5x5jLPZFTIo-n4JdQxnnosaNg9TRZL_,teamokupocjb,POCJB (DANA OKU),https://p16-sign-va.tiktokcdn.com/tos-useast2a-avt-0068-giso/af7e80c7995e162a32d1d31aec373a8c~c5_1080x1080.jpeg?x-expires=1684440000&x-signature=SZwkdwSmCQv2w7jO2tX7%2BtpL92k%3D,,,77,422,148,6,0,False,False,False,MY
86,6925107828324025350,MS4wLjABAAAAQwR1sKumrIxVAKXi3LrCokHkd6y3ZUhwm1UtBvfyEjuDqNbwzLZ0jqVNXJ_Pf0iF,hashemsabah5,Hashemüá∏üáæ‚ù§,https://p16-sign-va.tiktokcdn.com/tos-useast2a-avt-0068-giso/47801cbd41079ab1b929b33a62d693a8~c5_1080x1080.jpeg?x-expires=1684440000&x-signature=wpMDjT7xjEDx826AKbKbBUpND50%3D,Welcome,,8,26,0,0,0,False,False,False,DE
87,7232723182866924587,MS4wLjABAAAAsLmlNNf-eF-NfcWYuIA9sVLhQsMm8gSwMorxQkqnGl3LjVXHxKaX9e8n_xPPMikS,totototototooo1,totototototooo1,https://p16-sign.tiktokcdn-us.com/tos-useast5-avt-0068-tx/7232724021215756331~c5_1080x1080.jpeg?x-expires=1684440000&x-signature=wZBcYH94BqChk%2Fk2Utj5csR9zIY%3D,,,1,15,0,0,0,False,False,False,US
88,6716825494917317637,MS4wLjABAAAAf5PWqzUOr54YXSnsaPTMAklcMQwhsd6aHjWl6Sewte-ihO0NORcttiMwpLKZFnSz,shariarbawar06,Shariar Bawar,https://p77-sign-va.tiktokcdn.com/tos-maliva-avt-0068/00e960136583f30e6616dc339a752281~c5_1080x1080.jpeg?x-expires=1684440000&x-signature=FGXRFs94Xp9h4Hsix7wixlpVFb0%3D,,,128,274,494,1,0,False,False,False,DE
89,6759192062106764294,MS4wLjABAAAARtR-RwfVRIX1XvyCquhhMLG6PO_Z-ALwpeeObJTMvmzmgxBuilXlb9Bv40sKjC0A,raxon__,RAXON THE GOATTTT,https://p16-sign-va.tiktokcdn.com/tos-useast2a-avt-0068-giso/67a4e09105490af68a3aeb2263c06aee~c5_1080x1080.jpeg?x-expires=1684440000&x-signature=9pJx%2BO56WtjsoY1NCn0p3tSoXmg%3D,pomagam.pl/acegy6,,2013,6053,6841,274,0,False,False,False,PL
90,6860189105465132038,MS4wLjABAAAA9NHTNaXlxXh1yut6xyXpB4hXSg5GWLT00kI_M1u_tLqyN6kHTGr-f7aO8VdiS0pQ,anjum.chaudhary,Anjum Chaudhry,https://p16-sign-sg.tiktokcdn.com/aweme/1080x1080/tos-alisg-avt-0068/454ab73116fe85e81254a686c99d8031.jpeg?x-expires=1684440000&x-signature=Wtq3nW%2Bqk1VcH2JEkBW2e%2BSsE1o%3D,"ÿß⁄Øÿ± ŸÑ⁄©⁄æŸÜ€í ⁄©ÿß €ÅŸÜÿ± ŸÜ€Å €ÅŸàÿ™ÿß ÿ™Ÿà ÿ≥Ÿà⁄ÜŸà ÿßŸÜÿ¨ŸÖ 
 ⁄©ÿ™ŸÜ€í ŸÑŸà⁄Ø ⁄ÜŸæ ⁄©€å ÿßÿ∞€åÿ™ ŸÖ€å⁄∫ ŸÖÿ± ÿ¨ÿßÿ™€í",,1951,1081,33600,2001,0,False,False,False,PK
91,7227287559646659630,MS4wLjABAAAAorpdjG9A6UHiJYLtGbtWClff_z_8s0p_Gg3m7WthOAyAYIzH4ELlx3W2UuKMrhC7,gabriellopez5850,ggb,https://p19-sign.tiktokcdn-us.com/tos-useast5-avt-0068-tx/7227288148530135083~c5_1080x1080.jpeg?x-expires=1684440000&x-signature=JAqQp7QaE%2B08b4iLG7GA9eOlwzs%3D,,,3,93,12,4,0,False,False,False,US
92,6904288305602216965,MS4wLjABAAAAmcWaiUK8HgUh6Z3SFM7VN8pDImfMCpZlwNSYCFM-zUhisj5APwVlFE7lkSVyAq09,iskandarakbarov4,iskandar.akbarov,https://p16-sign-sg.tiktokcdn.com/aweme/1080x1080/tos-alisg-avt-0068/69160c70d9204dfed803f3df21461423.jpeg?x-expires=1684440000&x-signature=0SC9LF20iLWrNynhNvrTTYtZGcg%3D,,,120,988,66,2,0,False,False,False,UZ
93,7173327880133968902,MS4wLjABAAAAGdBa8rPl6PCm22mcXKXgwfrl2yxa9hZOJ1ViXd8au37PttD5WxwTferdfNBoYSyF,neymarjrronaldinho1,üáßüá∑IloveBraziandFranceüá®üáµ‚öΩ,https://p16-sign-va.tiktokcdn.com/tos-maliva-avt-0068/653319a52243db25f20654355c9444b6~c5_1080x1080.jpeg?x-expires=1684440000&x-signature=WavmdSEZC8aWV%2F1jDTsMJUFWiOY%3D,,,180,241,1224,169,0,False,False,False,ZA
94,6692963315969246213,MS4wLjABAAAA4F8PER7fmnAWgUf7VR9z7sxaIgQuqA3fC42Fu7FhZPf3NKRkUJyh5YVQvQc7NVp0,haxan_nawaz_official,ü•∑Haxan‚öîÔ∏èNawazü•∑,https://p16-sign-va.tiktokcdn.com/tos-maliva-avt-0068/3ab50314ac93f9973f913272da0ab84f~c5_1080x1080.jpeg?x-expires=1684440000&x-signature=ZJQRNFKb%2BErG0AH4CDGS5v6%2FXMc%3D,"#GeneralsecretaryISFBhera ‚ô•Ô∏èüòé
€Åÿ± ÿß€å⁄© ⁄©Ÿà ÿ¢Ÿæ⁄©€å ÿ∂ÿ±Ÿàÿ±ÿ™ €Å€í ÿßŸæŸÜ€å ÿ∂ÿ±Ÿàÿ±ÿ™ ÿ™⁄©ü•Äüåö",Q&A,3716,2137,86200,1187,0,False,False,False,PK
95,7233483774448452654,MS4wLjABAAAAMWqmumi810HoKHtuCf8pIssRJ_VbIaRiLxNKH4A-4r5K3YMK2P1Iz97ZyzwaOPO8,hainobashal,MCGREGOR,https://p16-sign.tiktokcdn-us.com/tos-useast5-avt-0068-tx/7233484747236704298~c5_1080x1080.jpeg?x-expires=1684440000&x-signature=l2hZ3OhoDJvrp55nJlCyTyBuJ%2FY%3D,,,4,159,0,0,0,False,False,False,US
96,6992532200986100742,MS4wLjABAAAAJzCyFJ21lMzkuGb6D5PpPEN9yGUc7TFBLH3ZCR-AbJA2eAtuJ8dwTRn4jLHUlWD1,turk_zaza_2323,üáπüá∑üáπüá∑,https://p16-sign-va.tiktokcdn.com/tos-useast2a-avt-0068-giso/833f142475be3998e522339ffbba2529~c5_1080x1080.jpeg?x-expires=1684440000&x-signature=Q1Rhm%2FhJj4FcX2iycgQkuY4lPec%3D,foedball vid,,30,606,8,2,0,False,False,False,NL
97,7179410493504668677,MS4wLjABAAAA9dRkx5yN6E3zC_WgWShShodhZ26jsY_tQHTz-PIyG11McgtJo8A3Zcj5XTEDbCaf,tiffanyaylinpinch,Kenercito,https://p16-sign-va.tiktokcdn.com/tos-maliva-avt-0068/1ba94a9a8b700db5101bda164d6b73c3~c5_1080x1080.jpeg?x-expires=1684440000&x-signature=iO2uavGs4qY5nK%2BE9sOoeWwtYrg%3D,,,14,530,42,1,0,False,False,False,PE
98,6758734412122768390,MS4wLjABAAAATlkJk0987TxrxBE6XpNGEtZzd6_D3W9K-DkdVxEVkgVv1Akarf6boSqH57USF7Au,mihayayanmarya,Mihay Ayan Marya,https://p77-sign-va.tiktokcdn.com/tos-maliva-avt-0068/8fc0a7a128490636b31e2c2900d47a74~c5_1080x1080.jpeg?x-expires=1684440000&x-signature=52WY2YjOBl1G1Jfi68E7v2%2B9Tm4%3D,,,685,6295,862,30,0,False,False,False,AT
99,7231040793120441390,MS4wLjABAAAAYOwmYa1mGOO0wYbjJLcF5S_E4q-81vkPLY7wgNpHjOfrg_eo9RLENkF5TVzaJw6Z,ayye_chriss19,Ayyee_chriss19,https://p19-sign.tiktokcdn-us.com/tos-useast5-avt-0068-tx/7231042206822793259~c5_1080x1080.jpeg?x-expires=1684440000&x-signature=5Ytv7l44GI%2FABbppeapm8sAYPMw%3D,,,11,83,0,0,0,False,False,False,US
